pr_auc,roc_auc,precision,recall,f1,balanced_accuracy,threshold,model,n_features,fit_seconds,threshold_policy,mean_fold_pr_auc,std_fold_pr_auc
0.08237409432611902,0.5526260924364821,0.10873287671232877,0.24039371569184176,0.1497376643282438,0.5531419900876533,0.06335713951173381,LightGBM Tuned,28,1.37790846824646,max_f1_on_validation,0.08624957411534855,0.0029147848944147256
0.08161628317729487,0.5530989597017705,0.10890493381468111,0.23982585652091615,0.1497901519181888,0.5531350402633438,0.5038570430654784,Random Forest Tuned,28,53.36375594139099,max_f1_on_validation,0.08466072678868958,0.003691545466242676
0.08087976268997966,0.5504670575779459,0.10934913304870611,0.2375544198372137,0.14976133651551313,0.5529333234416606,0.605029450118963,Logistic Regression Tuned,28,3.5967633724212646,max_f1_on_validation,0.0863497263685478,0.0021445569336527117
