delivery_lead_bin,orders,avg_rating,median_rating,avg_delivery_lead_days,avg_review_delay_days
0-2,4674,3.9487590928540865,4.0,2.0,17.33247753530167
3-5,41667,3.937312501499988,4.0,4.218854249166006,19.64389084887321
6-8,51116,3.9389199728721604,4.0,6.9089130604898665,22.286426950465607
9+,13912,3.9195299022426684,4.0,9.332806210465785,24.71362852213916
