{
  "max_depth": 3,
  "learning_rate": 0.04670358759162909,
  "num_leaves": 7,
  "min_child_samples": 293,
  "subsample": 0.9796871025735361,
  "colsample_bytree": 0.7171885902357973,
  "max_bin": 31,
  "reg_alpha": 0.0011420488903390769,
  "reg_lambda": 0.05917314498227403,
  "min_split_gain": 0.06268836449065676,
  "n_estimators": 16
}