dataset,model_type,model_name,row_count,mae,rmse,wape
test,final_model,lightgbm,384,549729.789367963,763915.0591079803,0.17495016480616768
test,baseline,yesterday_baseline,384,710548.0245572916,1060668.3912388098,0.2261301759577513
validation,final_model_candidate,lightgbm,383,490332.4370507268,696490.047756988,0.17731573417720944
validation,baseline,yesterday_baseline,383,628529.9460052219,977989.4537304743,0.2272912016562102
