dataset,baseline,row_count,mae,rmse,wape
test,yesterday_baseline,384,710548.0245572916,1060668.3912388098,0.22613017595775137
test,same_weekday_baseline,384,1303382.000234375,1864109.6863607815,0.41479814293593986
test,mean_baseline,384,1950468.1001742098,2254765.305288822,0.6207317161527234
validation,yesterday_baseline,383,628529.9460052219,977989.4537304743,0.2272912016562102
validation,same_weekday_baseline,383,1136143.8381201045,1708545.4982841536,0.4108563161737911
validation,mean_baseline,383,2242061.206529734,2515017.3698440315,0.8107820304470934
