weekday,row_count,mean_revenue,model_mae,baseline_mae,model_wape,baseline_wape,model_mean_error,model_win_rate
Monday,54,2766618.33,387931.1039328578,522634.9988888889,0.14021851143191758,0.18890751688502289,127875.43813348179,0.6111111111111112
Tuesday,54,2907860.796666667,475841.9513521831,645044.8133333334,0.16363986608218986,0.22182795478819342,133886.20206707742,0.6111111111111112
Wednesday,55,2902982.0303636366,509769.1069623765,627330.6898181818,0.17560188166184457,0.2160987161672512,-42256.22437851768,0.6
Thursday,55,3135903.2627272727,602756.9241506888,663139.7349090909,0.19221158105064612,0.21146689784440698,110855.84345056658,0.6181818181818182
Friday,55,2724525.0072727273,494168.3644546663,692241.962,0.18137780462119274,0.25407803567673626,-208054.05107659212,0.6363636363636364
Saturday,55,2450291.65,456623.3925550302,527045.2365454546,0.18635471110348445,0.21509489963998968,-170428.179984132,0.5818181818181818
Sunday,55,2471583.500181818,503110.91015062283,720647.0941818182,0.2035581278615965,0.29157303167334003,-131285.03940618978,0.5636363636363636
