model_name,negative_prediction_count,prediction_mean,actual_mean,prediction_std,actual_std,std_ratio_pred_vs_actual,bias_mean_actual_minus_pred,max_abs_error
linear_regression_scaled,0,2780863.252709326,2765306.9781201044,1576227.532089676,1653595.3338681934,0.9532123729464489,-15556.274589221304,6216996.018631931
ridge_regression_scaled,0,2781424.2140768818,2765306.9781201044,1575593.5136612689,1653595.3338681934,0.9528289548178285,-16117.235956777417,6217787.648201443
lightgbm,0,2791753.6941929176,2765306.9781201044,1513923.6876413522,1653595.3338681934,0.9155345667914334,-26446.716072812997,4407687.08830928
