item,value
phase5_mae,490332.4370507268
phase9_mae,490332.4370507268
phase5_wape,0.17731573417720944
phase9_wape,0.17731573417720944
phase5_max_abs_error,4407687.08830928
phase9_max_abs_error,4407687.08830928
phase9_win_rate_vs_phase5,0.10443864229765012
material_improvement,False
