model_type,model_name,dataset,row_count,mae,rmse,wape
ml_model,lightgbm,validation,383,490332.4370507268,696490.047756988,0.17731573417720944
ml_model,ridge_regression_scaled,validation,383,615410.8313675042,861526.6859218564,0.22254702144709784
ml_model,linear_regression_scaled,validation,383,615738.0303688793,861684.8610466489,0.22266534429659124
baseline,yesterday_baseline,validation,383,628529.9460052219,977989.4537304743,0.2272912016562102
