revenue_group,row_count,min_revenue,max_revenue,model_mae,baseline_mae,model_wape,baseline_wape,model_mean_error,model_win_rate
low_revenue,128,370653.23,1830856.99,365211.21077419916,430840.58546875,0.2831555806174385,0.3340393518406734,-277314.0422006265,0.546875
mid_revenue,127,1836322.27,3132513.38,422983.31993606704,553144.8144094489,0.1770045397461872,0.23147282333103197,2005.1796864447033,0.6220472440944882
high_revenue,128,3142099.08,10795905.35,682276.6154644559,901015.491796875,0.14788630058805777,0.19529886388332635,196190.99473136204,0.640625
