model,target,mean_wape,mean_mae,windows
baseline,COGS,0.22643669741478217,659086.7473871052,5
baseline,Revenue,0.22490338325686415,758318.7198974065,5
wrapper_final,COGS,0.20067531425877042,586174.2558265193,5
wrapper_final,Revenue,0.1987442859067991,673234.8118249826,5
