mae,rmse,wape,name,target,backend,stage
686699.6697123287,1039279.6439294076,0.2265425387964476,Naive_lag_1d,Revenue,lag_1d_rule,baseline
613707.1585479452,931970.619290644,0.22839395419256495,Naive_lag_1d,COGS,lag_1d_rule,baseline
619282.7034670588,942412.1422739034,0.20430165043610238,Ridge,Revenue,numpy_ridge,baseline
554762.841836512,850200.9005072644,0.2064575544237306,Ridge,COGS,numpy_ridge,baseline
623402.8417053997,945566.2878182638,0.20566088594745344,Main_model,Revenue,numpy_ridge_fallback,main_model
555723.0655442092,850750.3842443146,0.20681490611248932,Main_model,COGS,numpy_ridge_fallback,main_model
