dataset,final_model_wape,baseline_wape,wape_improvement_abs,wape_improvement_pct_vs_baseline,final_model_mae,baseline_mae,mae_improvement_abs,final_model_rmse,baseline_rmse,rmse_improvement_abs
test,0.1749501648061676,0.2261301759577513,0.051180011151583715,0.2263298603771743,549729.789367963,710548.0245572916,160818.23518932867,763915.0591079803,1060668.3912388098,296753.33213082945
validation,0.1773157341772094,0.2272912016562102,0.04997546747900081,0.219874183931639,490332.4370507268,628529.9460052219,138197.50895449513,696490.047756988,977989.4537304743,281499.40597348637
