weekday,row_count,actual_sum,phase5_mae,phase9_mae,phase5_abs_error_sum,phase9_abs_error_sum,phase9_win_rate,phase5_wape,phase9_wape,wape_change_phase5_minus_phase9
Monday,54,149397389.82,387931.1039328578,387931.1039328578,20948279.61237432,20948279.61237432,0.09259259259259259,0.1402185114319176,0.1402185114319176,0.0
Tuesday,54,157024483.02,475841.9513521831,475841.9513521831,25695465.37301789,25695465.37301789,0.12962962962962962,0.1636398660821898,0.1636398660821898,0.0
Wednesday,55,159664011.67000002,509769.1069623765,509769.1069623765,28037300.882930707,28037300.882930707,0.14545454545454545,0.17560188166184454,0.17560188166184454,0.0
Thursday,55,172474679.45,602756.9241506888,602756.9241506887,33151630.828287885,33151630.82828788,0.05454545454545454,0.19221158105064615,0.19221158105064612,2.7755575615628914e-17
Friday,55,149848875.4,494168.3644546663,494168.3644546663,27179260.045006648,27179260.045006648,0.07272727272727272,0.18137780462119268,0.18137780462119268,0.0
Saturday,55,134766040.75,456623.3925550302,456623.3925550302,25114286.59052666,25114286.59052666,0.14545454545454545,0.18635471110348442,0.18635471110348442,0.0
Sunday,55,135937092.51,503110.91015062283,503110.91015062283,27671100.058284257,27671100.058284257,0.09090909090909091,0.20355812786159655,0.20355812786159655,0.0
