dataset,row_count,mean,median,std,min,max
test,384,3142207.896614583,2899981.7750000004,1667613.839611991,545563.72,11643208.73
train,2871,4662166.015935214,3981191.66,2764717.951827347,279813.94,20905271.35
validation,383,2765306.9781201044,2405871.45,1653595.3338681927,370653.23,10795905.35
