revenue_group,row_count,actual_sum,final_model_mae,baseline_mae,final_model_abs_error_sum,baseline_abs_error_sum,model_win_rate_vs_baseline,final_model_wape,baseline_wape,wape_improvement_abs,mean_error,prediction_mean,actual_mean
low_revenue,128,200845936.88,416849.9497946088,611194.537890625,53356793.57370993,78232900.85,0.5703125,0.2656603086055416,0.38951697039677746,0.12385666179123589,-256349.28098832327,1825458.1628633232,1569108.881875
mid_revenue,128,362914991.71,490149.29579307383,634405.564921875,62739109.86151345,81203912.31,0.6171875,0.17287549782910966,0.22375463721512187,0.05087913938601221,28874.017381571073,2806399.355352804,2835273.372734375
high_revenue,128,642846903.71,742190.1225162063,886043.9708593751,95000335.68207441,113413628.27000001,0.6015625,0.14778065373545113,0.1764240095355005,0.02864335580004937,527221.608812589,4495019.826421786,5022241.435234375
