weekday,row_count,actual_sum,final_model_mae,baseline_mae,final_model_abs_error_sum,baseline_abs_error_sum,model_win_rate_vs_baseline,final_model_wape,baseline_wape,wape_improvement_abs
Monday,55,171679240.88,601054.3367869745,786067.6127272728,33057988.523283593,43233718.7,0.6181818181818182,0.1925567025683111,0.2518284591566864,0.0592717565883753
Tuesday,55,178197110.47,562624.4724420945,614132.898,30944345.984315194,33777309.39,0.5272727272727272,0.17365234432083995,0.18955026431635943,0.015897919995519483
Wednesday,55,191680504.67000002,615806.4415963155,773209.1752727273,33869354.287797354,42526504.64,0.509090909090909,0.1766969173318243,0.22186139750213127,0.04516448017030697
Thursday,55,179317565.32,490723.58986193803,700085.3281818182,26989797.44240659,38504693.050000004,0.6181818181818182,0.15051396328208072,0.2147290645023353,0.06421510122025459
Friday,55,156328453.04,528828.9181821671,879611.0690909092,29085590.50001919,48378608.800000004,0.7272727272727273,0.1860543614064742,0.3094677127497788,0.12341335134330461
Saturday,55,160802711.97,570435.9901367287,622544.2521818182,31373979.45752008,34239933.870000005,0.5636363636363636,0.19510852194690184,0.21293132093685052,0.01782279898994868
Sunday,54,168602245.95,477318.2022584406,596105.0551851852,25775182.921955794,32189672.98,0.6111111111111112,0.15287567954224987,0.19092078399445545,0.038045104452205575
