order_id,return_probability,prediction,threshold
1,0.06189633414929067,0,0.06335713951173381
2,0.07556652616812987,1,0.06335713951173381
3,0.060343769839952446,0,0.06335713951173381
4,0.060814194333285214,0,0.06335713951173381
6,0.06116715708978549,0,0.06335713951173381
